Player,Position,AV,From,To,Notes
A.J. Feeley,QB,8,2001,2011,FeelA.00
A.J. McCarron,QB,4,2015,2023,McCaA.00
Aaron Brooks,QB,73,2000,2006,BrooAa00
Aaron Rodgers,QB,243,2005,2024,RodgAa00
Abe Karnofsky,QB-HB-DB,,1945,1946,KarnAb20
Ace Parker+,TB-DB-QB,,1937,1946,ParkAc20
Adrian Breen,QB,0,1987,1987,BreeAd20
Adrian Burk,QB,,1950,1956,BurkAd00
Aidan O'Connell,QB,10,2023,2024,OConAi00
Akili Smith,QB,2,1999,2002,SmitAk00
Al Dorow,QB,27,1954,1962,DoroAl00
Al Johnson,QB-P,,1948,1948,JohnAl20
Al Woodall,QB,13,1969,1974,WoodAl00
Alan Pastrana,QB,2,1969,1970,PastCh00
Alan Risher,QB,2,1985,1987,RishAl20
Albie Reisz,TB-HB-QB,,1944,1947,ReisAl20
Alex Espinoza,QB,0,1987,1987,EspiAl21
Alex Smith,QB,120,2005,2020,SmitAl03
Alex Tanney,QB,0,2015,2019,TannAl00
Alex Van Pelt,QB,7,1995,2003,VanPAl00
Allie Sherman,QB,,1943,1947,SherAl20
Andre Ware,QB,5,1990,1993,WareAn00
Andrew Luck,QB,80,2012,2018,LuckAn00
Andrew Walter,QB,1,2006,2008,WaltAn00
Andy Dalton,QB,118,2011,2024,DaltAn00
Angelo Bertelli,QB,,1946,1948,BertAn20
Anthony Brown,QB,1,2022,2022,BrowAn06
Anthony Dilweg,QB,4,1989,1990,DilwAn00
Anthony Richardson,QB,9,2023,2024,RichAn03
Anthony Wright,QB,11,2000,2007,WrigAn00
Anton Stolfa,QB-DB,,1939,1939,StolAn20
Archie Manning,QB,94,1971,1984,MannAr00
Archie Roberts,QB,0,1967,1967,RobeAr00
Armanti Edwards,QB,1,2010,2013,EdwaAr00
Arnie Galiffa,QB,,1953,1954,GaliAr20
Art Schlichter,QB,4,1982,1985,SchlAr00
Austin Davis,QB,6,2014,2017,DaviAu00
Ave Kaplan,BB-HB-QB,,1923,1923,KaplAv20
B.J. Daniels,QB,0,2015,2015,DaniB.00
Babe Laufenberg,QB,4,1986,1990,LaufBa00
Babe Parilli,QB,71,1952,1969,PariBa00
Bailey Zappe,QB,2,2022,2024,ZappBa00
Baker Mayfield,QB,81,2018,2024,MayfBa00
Bart Starr+,QB,115,1956,1971,StarBa00
Ben Bennett,QB,0,1987,1987,BennBe20
Ben DiNucci,QB,1,2020,2020,DiNuBe00
Ben Roethlisberger,QB,208,2004,2021,RoetBe00
Benjy Dial,QB,0,1967,1967,DialBe00
Benny Russell,QB,0,1968,1968,RussBe00
Bernard Quarles,QB,0,1987,1987,QuarBe20
Bernie Kosar,QB,79,1985,1996,KosaBe00
Bernie Lee,QB,,1938,1938,LeexBe20
Bernie Masterson,QB,,1934,1940,MastBe20
Bert Jones,QB,92,1973,1982,JoneBe00
Bev Wallace,QB,,1947,1951,WallBe20
Bill Cappleman,QB,0,1970,1973,CappBi00
Bill Demory,QB,1,1973,1974,DemoBi00
Bill Donckers,QB,0,1976,1977,DoncBi00
Bill Dudley+,HB-TB-QB,,1942,1953,DudlBi00
Bill Garnaas,QB,,1946,1948,GarnBi20
Bill Glenn,QB,,1944,1944,GlenBi20
Bill Houle,BB-QB,,1924,1924,HoulBi20
Bill Hutchinson,QB,,1942,1942,HutcBi20
Bill Joyce,QB,,1920,1920,JoycBi20
Bill Kenney,QB,58,1980,1988,KennBi00
Bill Mackrides,QB,,1947,1953,MackBi20
Bill Munson,QB,58,1964,1979,MunsBi00
Bill Musgrave,QB,1,1991,1996,MusgBi00
Bill Nelsen,QB,61,1963,1972,NelsBi00
Bill Troup,QB,6,1974,1980,TrouBi00
Billy Guy Anderson,QB,0,1967,1967,AndeBi21
Billy Joe Hobert,QB,7,1995,1999,HobeBi00
Billy Joe Tolliver,QB,28,1989,1999,TollBi00
Billy Kilmer,QB-HB,100,1961,1978,KilmBi00
Billy Stevens,QB,0,1968,1969,StevBi00
Billy Volek,QB,12,2001,2011,VoleBi00
Billy Wade,QB,53,1954,1966,WadeBi00
Blaine Gabbert,QB,19,2011,2023,GabbBl00
Blair Kiel,QB,4,1984,1991,KielBl00
Blake Bortles,QB,48,2014,2019,BortBl00
Bo Nix,QB,13,2024,2024,NixxBo00
Bob Avellini,QB,30,1975,1984,AvelBo00
Bob Berry,QB,42,1965,1975,BerrBo00
Bob Bleier,QB,1,1987,1987,BleiBo20
Bob Brodhead,QB,1,1960,1960,BrodBo00
Bob Celeri,QB,,1951,1952,CeleBo00
Bob Clatterbuck,QB,1,1954,1960,ClatBo00
Bob Davis,QB,10,1967,1973,DaviBo00
Bob DeMoss,QB,,1949,1949,DeMoBo20
Bob Dunlap,DB-QB,,1935,1936,DunlBo20
Bob Gagliano,QB,13,1982,1992,GaglBo00
Bob Gambold,QB,,1953,1953,GambBo20
Bob Griese+,QB,138,1967,1980,GrieBo00
Bob Hewko,QB,0,1983,1983,HewkBo20
Bob Holly,QB,1,1983,1985,HollBo00
Bob Laraba,LB-QB,13,1960,1961,LaraBo20
Bob Leahy,QB,0,1971,1971,LeahBo00
Bob Lee,QB-P,21,1969,1980,LeexBo00
Bob Monnett,TB-HB-QB,,1933,1938,MonnBo20
Bob Naponic,QB,0,1970,1970,NapoBo00
Bob Ptacek,QB,,1959,1959,PtacBo20
Bob Rapp,WB-BB-HB-QB,,1922,1929,RappBo20
Bob Schweickert,QB,0,1965,1967,SchwBo00
Bob Scrabis,QB,0,1960,1962,ScraBo00
Bob Snyder,TB-QB,,1937,1943,SnydBo20
Bob Trocolor,QB-HB,,1942,1944,TrocBo20
Bob Waterfield+,QB,,1945,1952,WateBo01
Bob Waters,QB,5,1960,1963,WateBo00
Bob Williams,QB,,1951,1955,WillBo20
Bobby Douglass,QB,41,1969,1978,DougBo00
Bobby Garrett,QB,,1954,1954,GarrBo20
Bobby Hebert,QB,79,1985,1996,HebeBo00
Bobby Hoying,QB,2,1996,2000,HoyiBo00
Bobby Layne+,QB,21,1948,1962,LaynBo00
Bobby Scott,QB,10,1973,1981,ScotBo00
Bobby Thomason,QB,,1949,1957,ThomBo02
Boley Dancewicz,QB-DB,,1946,1948,DancBo20
Boomer Esiason,QB,137,1984,1997,EsiaBo00
Brad Goebel,QB,1,1991,1994,GoebBr00
Brad Johnson,QB,93,1994,2008,JohnBr00
Bradlee Van Pelt,QB,0,2005,2005,VanPBr00
Brady Quinn,QB,2,2007,2012,QuinBr00
Brandon Allen,QB,5,2019,2024,AlleBr00
Brandon Weeden,QB,14,2012,2018,WeedBr00
Brendan Folmar,QB,0,1987,1987,FolmBr20
Brent Pease,QB,2,1987,1988,PeasBr00
Brett Basanez,QB,0,2006,2006,BasaBr00
Brett Favre+,QB,259,1991,2010,FavrBr00
Brett Hundley,QB,5,2016,2019,HundBr00
Brett Rypien,QB,3,2020,2023,RypiBr00
Brian Brohm,QB,0,2009,2010,BrohBr00
Brian Dowling,QB,1,1972,1977,DowlBr00
Brian Griese,QB,62,1998,2008,GrieBr00
Brian Hoyer,QB,26,2009,2023,HoyeBr00
Brian McClure,QB,1,1987,1987,McClBr20
Brian Sipe,QB,87,1974,1983,SipeBr00
Brian St. Pierre,QB,0,2004,2010,St.PBr20
Brock Berlin,QB,0,2007,2008,BerlBr00
Brock Huard,QB,2,2000,2003,HuarBr00
Brock Osweiler,QB,15,2012,2018,OsweBr00
Brock Purdy,QB,37,2022,2024,PurdBr00
Brodie Croyle,QB,2,2006,2010,CroyBr00
Brooks Bollinger,QB,6,2004,2008,BollBr00
Browning Nagle,QB,5,1991,1996,NaglBr00
Bruce Gradkowski,QB,8,2006,2014,GradBr00
Bruce Hardy,TE-WR-QB,26,1978,1989,HardBr00
Bruce Lemmerman,QB,2,1968,1969,LemmBr00
Bruce Mathison,QB,6,1983,1987,MathBr00
Bruce Threadgill,DB-QB,3,1978,1978,ThreBr20
Bryan Clark,QB,0,1984,1984,ClarBr22
Bryce Perkins,QB,1,2022,2022,PerkBr02
Bryce Petty,QB,4,2016,2017,PettBr01
Bryce Young,QB,14,2023,2024,YounBr01
Bubby Brister,QB,42,1986,2000,BrisBu00
Buckets Hirsch,QB-FB,,1947,1949,HirsBu20
Bucky Richardson,QB,3,1992,1994,RichBu00
Bud Schwenk,QB-TB-HB,,1942,1948,SchwBu20
Buddy Humphrey,QB,3,1959,1966,HumpBu00
Butch Simas,BB-QB,,1932,1933,SimaBu20
Butch Songin,QB,18,1960,1962,SongBu00
Byron Leftwich,QB,36,2003,2012,LeftBy00
C.J. Beathard,QB,9,2017,2023,BeatC.00
C.J. Stroud,QB,25,2023,2024,StroCJ00
Cade McNown,QB,8,1999,2000,McNoCa00
Caleb Hanie,QB,2,2009,2011,HaniCa00
Caleb Williams,QB,12,2024,2024,WillCa03
Cam Newton,QB,140,2011,2021,NewtCa00
Cardale Jones,QB,0,2016,2016,JoneCa01
Carl Summerell,QB,0,1974,1975,SummCa00
Carlos Brown,QB,2,1975,1976,BrowCa00
Carson Palmer,QB,141,2004,2017,PalmCa00
Carson Wentz,QB,68,2016,2024,WentCa00
Cary Conklin,QB,1,1992,1995,ConkCa00
Case Keenum,QB,40,2013,2023,KeenCa00
Casey Weldon,QB,1,1993,1999,WeldCa00
Chad Henne,QB,29,2008,2022,HennCh01
Chad Hutchinson,QB,4,2002,2004,HutcCh00
Chad Kelly,QB,0,2018,2018,KellCh00
Chad Pennington,QB,62,2000,2010,PennCh01
Charley Eikenberg,QB,,1948,1948,EikeCh20
Charley Johnson,QB,100,1961,1975,JohnCh02
Charley Sarratt,QB,,1948,1948,SarrCh20
Charlie Batch,QB,38,1998,2012,BatcCh00
Charlie Brackins,QB,,1955,1955,BracCh20
Charlie Conerly,QB,6,1948,1961,ConeCh00
Charlie Frye,QB,8,2005,2009,FryeCh00
Charlie Green,QB,0,1966,1966,GreeCh00
Charlie Mathys,BB-QB,,1921,1926,MathCh20
Charlie Milstead,QB-DB,3,1960,1961,MilsCh20
Charlie O'Rourke,QB,,1942,1949,ORouCh20
Charlie Seabright,BB-QB,,1941,1950,SeabCh20
Charlie Whitehurst,QB,7,2006,2016,WhitCh02
Chase Daniel,QB,6,2010,2022,DaniCh00
Chon Gallegos,QB,1,1962,1962,GallCh00
Chris Chandler,QB,103,1988,2004,ChanCh00
Chris Greisen,QB,0,1999,2000,GreiCh00
Chris Miller,QB,60,1987,1999,MillCh00
Chris Oladokun,QB,0,2024,2024,OladCh00
Chris Redman,QB,10,2000,2011,RedmCh00
Chris Simms,QB,8,2004,2009,SimmCh00
Chris Streveler,QB,0,2020,2022,StreCh00
Chris Weinke,QB,9,2001,2007,WeinCh00
Christian Ponder,QB,23,2011,2014,PondCh00
Chuck Clements,QB,0,1997,1997,ClemCh21
Chuck Fusina,QB,0,1979,1986,FusiCh00
Chuck Long,QB,11,1986,1991,LongCh00
Clayton Tune,QB,0,2023,2024,TuneCl00
Cleo Lemon,QB,6,2006,2008,LemoCl00
Cliff Lewis,DB-QB,,1946,1951,LewiCl20
Cliff Olander,QB,1,1977,1979,OlanCl00
Cliff Stoudt,QB,17,1980,1989,StouCl00
Clint Longley,QB,2,1974,1976,LongCl00
Clint Stoerner,QB,1,2000,2001,StoeCl00
Clyde LeForce,QB,,1947,1949,LeFoCl20
Cody Carlson,QB,15,1988,1994,CarlCo00
Cody Kessler,QB,5,2016,2018,KessCo00
Cody Pickett,QB,1,2004,2005,PickCo00
Coley McDonough,TB-QB,,1939,1944,McDoCo20
Colin Kaepernick,QB,49,2011,2016,KaepCo00
Colt McCoy,QB,19,2010,2022,McCoCo00
Connor Cook,QB,0,2016,2016,CookCo00
Connor Shaw,QB,0,2014,2014,ShawCo00
Cooper Rush,QB,9,2017,2024,RushCo00
Cory Sauter,QB,0,2002,2002,SautCo00
Cotton Davidson,QB,45,1954,1968,DaviCo00
Cotton Price,TB-DB-QB,,1940,1946,PricCo20
Craig Bradshaw,QB,0,1980,1980,BradCr20
Craig Erickson,QB,22,1992,1997,EricCr00
Craig Krenzel,QB,1,2004,2004,KrenCr00
Craig Kupp,QB,0,1991,1991,KuppCr20
Craig Morton,QB,118,1965,1982,MortCr00
Craig Nall,QB,1,2003,2007,NallCr00
Craig Penrose,QB,3,1976,1979,PenrCr00
Craig Whelihan,QB,1,1997,1998,WhelCr00
Curtis Painter,QB,2,2009,2013,PainCu00
Dak Prescott,QB,112,2016,2024,PresDa01
Dameyune Craig,QB,0,2000,2001,CraiDa00
Damon Huard,QB,20,1998,2008,HuarDa00
Dan Darragh,QB,-2,1968,1970,DarrDa00
Dan Fouts+,QB,163,1973,1987,FoutDa00
Dan Henning,QB,0,1966,1966,HennDa00
Dan Manucci,QB,0,1979,1987,ManuDa20
Dan Marino+,QB,216,1983,1999,MariDa00
Dan McGwire,QB,2,1991,1995,McGwDa00
Dan Orlovsky,QB,7,2005,2015,OrloDa00
Dan Pastorini,QB,72,1971,1983,PastDa00
Daniel Jones,QB,45,2019,2024,JoneDa05
Danny Kanell,QB,15,1996,2003,KaneDa00
Danny White,QB-P,104,1976,1988,WhitDa01
Danny Wuerffel,QB,6,1997,2002,WuerDa00
Daryle Lamonica,QB,88,1963,1974,LamoDa00
Daunte Culpepper,QB,98,1999,2009,CulpDa00
Dave Barr,QB,0,1995,1995,BarrDa20
Dave Brown,QB,29,1992,2001,BrowDa00
Dave Krieg,QB,138,1980,1998,KrieDa00
Dave Leggett,QB-DB,,1955,1955,LeggDa20
Dave Lewis,QB-P,14,1970,1973,LewiDa22
Dave Mays,QB,5,1976,1978,MaysDa00
Dave Ragone,QB,1,2003,2003,RagoDa00
Dave Walter,QB,1,1987,1987,WaltDa20
Dave Wilson,QB,17,1981,1988,WilsDa00
Davey O'Brien,QB-TB,,1939,1940,OBriDa21
David Archer,QB,14,1984,1989,ArchDa00
David Blough,QB,0,2019,2022,BlouDa00
David Carr,QB,49,2002,2012,CarrDa00
David Fales,QB,1,2016,2019,FaleDa00
David Garrard,QB,70,2002,2010,GarrDa00
David Humm,QB,2,1975,1984,HummDa00
David Jaynes,QB,0,1974,1974,JaynDa00
David Klingler,QB,11,1992,1997,KlinDa00
David Norrie,QB,1,1987,1987,NorrDa20
David Whitehurst,QB,21,1977,1983,WhitDa02
David Woodley,QB,37,1980,1985,WoodDa00
Davis Mills,QB,16,2021,2024,MillDa02
Davis Webb,QB,1,2021,2022,WebbDa00
Dean Carlson,QB,0,1974,1974,CarlDe00
Dean Look,QB,0,1962,1962,LookDe00
Dean May,QB,0,1984,1987,MayxDe20
Dennis Claridge,QB,2,1965,1966,ClarDe02
Dennis Dixon,QB,2,2008,2010,DixoDe00
Dennis Morrison,QB,1,1974,1974,MorrDe00
Dennis Shaw,QB,20,1970,1975,ShawDe00
Dennis Sproul,QB,0,1978,1978,SproDe20
Derek Anderson,QB,22,2006,2018,AndeDe00
Derek Carr,QB,119,2014,2024,CarrDe02
Deshaun Watson,QB,63,2017,2024,WatsDe00
DeShone Kizer,QB,6,2017,2018,KizeDe00
Desmond Ridder,QB,13,2022,2024,RiddDe00
Devlin Hodges,QB,0,2019,2019,HodgDe00
Dewey Warren,QB,2,1968,1968,WarrDe00
Dick Flowers,QB,,1953,1953,FlowDi20
Dick Horn,QB,,1958,1958,HornDi20
Dick Jamieson,QB,2,1960,1961,JamiDi00
Dick Norman,QB,0,1961,1961,NormDi20
Dick Shiner,QB,18,1964,1974,ShinDi00
Dick Wood,QB,18,1962,1966,WoodDi00
Dieter Brock,QB,9,1985,1985,BrocDi00
Dominique Davis,QB,0,2013,2013,DaviDo02
Don Allard,QB,0,1961,1962,AllaDo20
Don Breaux,QB,4,1963,1965,BreaDo00
Don Gault,QB,0,1970,1970,GaulDo00
Don Heinrich,QB,1,1954,1962,HeinDo00
Don Horn,QB,10,1967,1974,HornDo00
Don Klosterman,QB,,1952,1952,KlosDo20
Don Majkowski,QB,43,1987,1996,MajkDo00
Don Meredith,QB,84,1960,1968,MereDo00
Don Milan,QB,1,1975,1975,MilaDo00
Don Panciera,QB-DB,,1949,1952,PancDo20
Don Strock,QB,21,1974,1988,StroDo00
Don Trull,QB,18,1964,1969,TrulDo00
Donald Hollas,QB,5,1991,1998,HollDo00
Donovan McNabb,QB,138,1999,2011,McNaDo00
Dorian Thompson-Robinson,QB,2,2023,2024,ThomDo02
Doug Flutie,QB,60,1986,2005,FlutDo00
Doug Gaynor,QB,0,1986,1986,GaynDo20
Doug Hudson,QB,0,1987,1987,HudsDo20
Doug Johnson,QB,8,2000,2004,JohnDo00
Doug Nussmeier,QB,2,1996,1997,NussDo00
Doug Pederson,QB,3,1993,2004,PedeDo00
Doug Williams,QB,63,1978,1989,WillDo01
Drake Maye,QB,8,2024,2024,MayeDr00
Drew Bledsoe,QB,139,1993,2006,BledDr00
Drew Brees,QB,277,2001,2020,BreeDr00
Drew Henson,QB,0,2004,2008,HensDr00
Drew Lock,QB,15,2019,2024,LockDr00
Drew Stanton,QB,10,2008,2017,StanDr00
Dwayne Haskins,QB,4,2019,2020,HaskDw00
Eagle Day,QB,3,1959,1960,DayxEa00
Earl Morrall,QB,86,1956,1976,MorrEa00
Easton Stick,QB,4,2020,2023,SticEa00
Eber Simpson,BB-QB,,1923,1923,SimpEb20
Ed Baker,QB,0,1972,1972,BakeEd00
Ed Blount,QB,0,1987,1987,BlouEd20
Ed Brown,QB,39,1954,1965,BrowEd01
Ed Burns,QB,0,1979,1980,BurnEd20
Ed Chlebek,QB,0,1963,1963,ChleEd00
Ed Luther,QB,7,1980,1984,LuthEd00
Ed Mioduszewski,QB-DB,,1953,1953,MiodEd20
Ed Rubbert,QB,2,1987,1987,RubbEd20
Ed Rutkowski,QB-HB-SE-WR,15,1963,1968,RutkEd00
Ed Salem,DB-QB,,1951,1951,SaleEd20
Edd Hargett,QB,12,1969,1973,HargEd00
Eddie LeBaron,QB,20,1952,1963,LeBaEd00
Eddie Wilson,QB-P,3,1962,1965,WilsEd00
EJ Manuel,QB,11,2013,2017,ManuEJ00
Eli Manning,QB,169,2004,2019,MannEl00
Elvis Grbac,QB,53,1994,2001,GrbaEl00
Emery Nix,TB-QB,,1943,1946,NixxEm20
Eric Hipple,QB,41,1980,1989,HippEr00
Eric Kresser,QB,0,1998,1998,KresEr00
Eric Zeier,QB,5,1995,2000,ZeieEr00
Erik Kramer,QB,46,1987,1999,KramEr00
Erik Wilhelm,QB,3,1989,1996,WilhEr00
Ermal Allen,QB-DB,,1947,1947,AlleEr20
Ernie Case,QB-DB,,1947,1947,CaseEr20
Feleipe Franks,QB,0,2021,2024,FranFe00
Foster Watkins,QB-HB,,1940,1941,WatkFo20
Fran Tarkenton+,QB,233,1961,1978,TarkFr00
Frank Patrick,QB,0,1970,1972,PatrFr00
Frank Reich,QB,17,1985,1998,ReicFr00
Frank Ryan,QB,90,1958,1970,RyanFr00
Frank Santora,QB,,1944,1944,SantFr20
Frank Seurer,QB,1,1986,1987,SeurFr00
Frank Tripucka,QB,20,1949,1963,TripFr00
Frankie Albert,QB-DB,,1946,1952,AlbeFr00
Fred Benners,QB,,1952,1952,BennFr00
Fred Enke,QB,,1948,1954,EnkeFr20
Fred Wyant,QB,,1956,1956,WyanFr20
Gale Gilbert,QB,5,1985,1995,GilbGa00
Galen Hall,QB,3,1962,1963,HallGa00
Gardner Minshew II,QB,35,2019,2024,MinsGa00
Garrett Gilbert,QB,2,2018,2021,GilbGa01
Gary Beban,QB,0,1968,1969,BebaGa00
Gary Cuozzo,QB,29,1963,1972,CuozGa00
Gary Danielson,QB,55,1976,1988,DaniGa00
Gary Hogeboom,QB,24,1980,1989,HogeGa00
Gary Huff,QB,11,1973,1978,HuffGa00
Gary Keithley,QB,3,1973,1973,KeitGa00
Gary Kerkorian,QB,,1952,1956,KerkGa20
Gary Kubiak,QB,8,1983,1991,KubiGa00
Gary Lane,QB,1,1966,1968,LaneGa00
Gary Marangi,QB,3,1974,1976,MaraGa00
Gary Wood,QB,10,1964,1969,WoodGa00
Geno Smith,QB,57,2013,2024,SmitGe00
George Blanda+,QB,128,1949,1975,BlanGe00
George Herring,QB-P,0,1960,1961,HerrGe00
George Izo,QB,5,1960,1966,IzoxGe00
George Mira,QB,11,1964,1971,MiraGe00
George Munns,QB-TB,,1921,1921,MunnGe20
George Ratterman,QB,,1947,1956,RattGe00
George Shaw,QB,9,1955,1962,ShawGe00
George Terlep,QB-DB,,1946,1948,TerlGe20
George Wilson,QB,5,1966,1966,WilsGe00
Gibran Hamdan,QB,0,2003,2003,HamdGi00
Gifford Nielsen,QB,11,1978,1983,NielGi00
Gil Johnson,QB,,1949,1949,JohnGi20
Gino Torretta,QB,0,1993,1996,ToreGi00
Glenn Carano,QB,1,1978,1983,CaraGl00
Glenn Dobbs,TB-QB,,1946,1949,DobbGl20
Glenn Foley,QB,8,1994,1999,FoleGl00
Glynn Griffing,QB,2,1963,1963,GrifGl00
Graham Harrell,QB,0,2012,2012,HarrGr00
Grassy Hinton,TB-QB,,1932,1932,HintGr20
Greg Barton,QB,0,1969,1969,BartGr20
Greg Cook,QB,10,1969,1973,CookGr00
Greg Knafelc,QB,0,1983,1983,KnafGr20
Greg Landry,QB,96,1968,1984,LandGr00
Greg McElroy,QB,1,2012,2012,McElGr00
Gus Frerotte,QB,66,1994,2008,FrerGu00
Guy Benjamin,QB,1,1978,1983,BenjGu00
Hal Ledyard,QB,,1953,1953,LedyHa20
Harlan Carr,WB-QB,,1927,1927,CarrHa20
Harold Stephens,QB,1,1962,1962,StepHa00
Harry Gilmer,QB-HB,,1948,1956,GilmHa00
Harry Theofiledes,QB,1,1968,1968,TheoHa00
Harvey White,QB-E,0,1960,1960,WhitHa00
Heath Shuler,QB,6,1994,1997,ShulHe00
Hendon Hooker,QB,0,2024,2024,HookHe00
Henry Burris,QB,1,2002,2002,BurrHe00
Henry Schichtle,QB,0,1964,1964,SchiHe20
Herb Kempton,BB-QB,,1921,1921,KempHe20
Herm Schneidman,BB-QB,,1935,1940,SchnHe20
Hugh Millen,QB,16,1987,1995,MillHu00
Hunter Enis,QB,4,1960,1962,EnisHu00
Ian Book,QB,0,2021,2021,BookIa00
Ingle Martin,QB,0,2006,2006,MartIn00
Irv Kupcinet,QB,,1935,1935,KupcIr20
J.J. Jones,QB,1,1975,1975,JoneJ.00
J.P. Losman,QB,20,2004,2011,LosmJ.00
J.T. O'Sullivan,QB,6,2004,2009,OSulJ.00
Jack Concannon,QB,29,1964,1975,ConcJa00
Jack Del Bello,QB,,1953,1953,DelBJa20
Jack Jacobs,QB-TB-HB,,1942,1949,JacoJa20
Jack Kemp,QB,83,1957,1969,KempJa00
Jack Scarbath,QB,,1953,1956,ScarJa20
Jack Thompson,QB,14,1979,1984,ThomJa00
Jack Trudeau,QB,25,1986,1995,TrudJa00
Jacky Lee,QB,19,1960,1969,LeexJa00
Jacob Eason,QB,0,2021,2022,EasoJa00
Jacoby Brissett,QB,36,2016,2024,BrisJa00
Jake Browning,QB,7,2023,2024,BrowJa08
Jake Delhomme,QB,66,1999,2011,DelhJa00
Jake Fromm,QB,1,2021,2021,FromJa00
Jake Haener,QB,1,2024,2024,HaenJa00
Jake Locker,QB,16,2011,2014,LockJa00
Jake Luton,QB,2,2020,2020,LutoJa00
Jake Plummer,QB,92,1997,2006,PlumJa00
Jake Rudock,QB,0,2017,2017,RudoJa00
Jalen Hurts,QB,75,2020,2024,HurtJa00
JaMarcus Russell,QB,6,2007,2009,RussJa00
Jameis Winston,QB,71,2015,2024,WinsJa00
James Finnegan,E-QB,,1923,1923,FinnJa21
James Harris,QB,42,1969,1979,HarrJa01
James Ritchey,QB,0,1997,1997,RitcJa20
Jamie Martin,QB,9,1996,2007,MartJa00
Jared Goff,QB,113,2016,2024,GoffJa00
Jared Lorenzen,QB,0,2006,2007,LoreJa00
Jaren Hall,QB,1,2023,2023,HallJa00
Jarious Jackson,QB,0,2000,2003,JackJa01
Jarrett Stidham,QB,6,2019,2024,StidJa00
Jason Campbell,QB,54,2006,2014,CampJa00
Jason Garrett,QB,7,1993,2000,GarrJa00
Jay Cutler,QB,109,2006,2017,CutlJa00
Jay Fiedler,QB,43,1995,2005,FiedJa00
Jay Schroeder,QB,71,1985,1994,SchrJa00
Jay Walker,QB,0,1996,1997,WalkJa22
Jayden Daniels,QB,20,2024,2024,DaniJa02
Jeb Blount,QB,1,1977,1977,BlouJe00
Jeff Blake,QB,81,1992,2005,BlakJe00
Jeff Brohm,QB,2,1996,1997,BrohJe00
Jeff Carlson,QB,2,1990,1992,CarlJe00
Jeff Christensen,QB,2,1983,1987,ChriJe20
Jeff Driskel,QB,8,2018,2024,DrisJe00
Jeff Francis,QB,0,1990,1990,FranJe20
Jeff Garcia,QB,104,1999,2009,GarcJe00
Jeff George,QB,79,1990,2001,GeorJe00
Jeff Hostetler,QB,65,1985,1997,HostJe00
Jeff Kemp,QB,23,1981,1991,KempJe00
Jeff Knapple,QB,0,1980,1980,KnapJe20
Jeff Komlo,QB,5,1979,1983,KomlJe00
Jeff Lewis,QB,2,1996,2000,LewiJe01
Jeff Rutledge,QB,8,1979,1992,RutlJe00
Jeff Tuel,QB,1,2013,2013,TuelJe00
Jeff Van Raaphorst,QB,0,1987,1987,VanRJe20
Jerry Golsteyn,QB,2,1977,1983,GolsJe00
Jerry Niles,QB,,1947,1947,NileJe20
Jerry Reichow,E-QB,23,1956,1964,ReicJe00
Jerry Rhome,QB,7,1965,1971,RhomJe00
Jerry Tagge,QB,8,1972,1974,TaggJe00
Jesse Freitas,QB,5,1974,1975,FreiJe00
Jesse Freitas,QB,,1946,1949,FreiJe20
Jesse Palmer,QB,1,2002,2003,PalmJe00
Jim Bob Taylor,QB,0,1983,1983,TaylJi20
Jim Camp,QB,,1948,1948,CampJi20
Jim Capuzzi,DB-QB,,1955,1956,CapuJi20
Jim Crocicchia,QB,0,1987,1987,CrocJi20
Jim Del Gaizo,QB,3,1972,1974,DelGJi00
Jim Druckenmiller,QB,1,1997,1998,DrucJi00
Jim Everett,QB,108,1986,1997,EverJi00
Jim Finks+,QB-DB-TB,,1949,1955,FinkJi00
Jim Gaffney,QB-HB,,1945,1946,GaffJi20
Jim Haluska,QB,,1956,1956,HaluJi20
Jim Harbaugh,QB,102,1987,2000,HarbJi00
Jim Hardy,QB-DB,,1946,1952,HardJi00
Jim Hart,QB,131,1966,1984,HartJi00
Jim Jensen,WR-QB,22,1981,1992,JensJi00
Jim Kelly+,QB,132,1986,1996,KellJi00
Jim LeClair,QB,2,1967,1968,LeClJi00
Jim McMahon,QB,71,1982,1996,McMaJi00
Jim Miller,QB,17,1995,2002,MillJi00
Jim Ninowski,QB,30,1958,1969,NinoJi00
Jim Plunkett,QB,108,1971,1986,PlunJi00
Jim Powers,DB-LB-QB,,1950,1953,PoweJi20
Jim Root,QB,,1953,1956,RootJi20
Jim Sorgi,QB,5,2004,2009,SorgJi00
Jim Ward,QB,1,1967,1971,WardJi00
Jim Youel,QB-DB,,1946,1948,YoueJi20
Jim Zorn,QB,88,1976,1987,ZornJi00
Jimmy Clausen,QB,3,2010,2015,ClauJi00
Jimmy Garoppolo,QB,53,2014,2024,GaroJi00
Jimmy Jemail,QB,,1921,1921,JemaJi20
Jimmy Tarrant,QB,,1946,1946,TarrJi21
Joe Barnes,QB,0,1974,1974,BarnJo01
Joe Burrow,QB,63,2020,2024,BurrJo01
Joe Callahan,QB,0,2017,2017,CallJo00
Joe DiVito,QB-P,-1,1968,1968,DiviJo00
Joe Dufek,QB,-1,1983,1984,DufeJo00
Joe Ferguson,QB,106,1973,1990,FergJo00
Joe Flacco,QB,132,2008,2024,FlacJo00
Joe Francis,QB-HB,,1958,1959,FranJo20
Joe Gasparella,BB-QB,,1948,1951,GaspJo20
Joe Germaine,QB,1,1999,1999,GermJo00
Joe Gilliam,QB,11,1972,1975,GillJo00
Joe Hamilton,QB,0,2000,2000,HamiJo20
Joe Kapp,QB,24,1967,1970,KappJo00
Joe Margucci,HB-QB,,1947,1948,MargJo20
Joe Milton,QB,1,2024,2024,MiltJo00
Joe Montana+,QB,166,1979,1994,MontJo01
Joe Namath+,QB,115,1965,1977,NamaJo00
Joe Pisarcik,QB,18,1977,1984,PisaJo00
Joe Reed,QB,13,1972,1979,ReedJo00
Joe Shield,QB,0,1986,1986,ShieJo20
Joe Theismann,QB,107,1974,1985,TheiJo00
Joey Harrington,QB,34,2002,2007,HarrJo00
Joey Sternaman,QB-BB,,1922,1930,SterJo21
John Beck,QB,4,2007,2011,BeckJo00
John Borton,QB,,1957,1957,BortJo20
John Brodie,QB,129,1957,1973,BrodJo00
John Elway+,QB,206,1983,1998,ElwaJo00
John Fourcade,QB,11,1987,1990,FourJo00
John Friesz,QB,28,1990,2000,FrieJo00
John Galvin,QB,,1947,1947,GalvJo20
John Hadl,QB,146,1962,1977,HadlJo00
John Huarte,QB,1,1966,1972,HuarJo00
John Hufnagel,QB,2,1974,1975,HufnJo00
John Ksionzyk,QB,,1947,1947,KsioJo20
John McCarthy,QB,,1944,1944,McCaJo23
John McCormick,QB,1,1962,1968,McCoJo00
John Navarre,QB,0,2004,2005,NavaJo00
John Rauch,QB-DB,,1949,1951,RaucJo20
John Reaves,QB,11,1972,1987,ReavJo00
John Roach,QB-DB,12,1956,1964,RoacJo00
John Sciarra,DB-QB,8,1978,1983,SciaJo20
John Skelton,QB,4,2010,2012,SkelJo00
John Stofa,QB,5,1966,1970,StofJo00
John Walton,QB,1,1976,1979,WaltJo00
John Witkowski,QB,1,1984,1988,WitkJo00
John Wolford,QB,2,2020,2022,WolfJo00
Johnny Evans,P-QB,7,1978,1980,EvanJo21
Johnny Green,QB,11,1960,1963,GreeJo00
Johnny Long,QB-HB,,1944,1945,LongJo20
Johnny Lujack,QB-DB,,1948,1951,LujaJo00
Johnny Manziel,QB,4,2014,2015,ManzJo00
Johnny Unitas+,QB,145,1956,1973,UnitJo00
Jon Brittenum,QB,0,1968,1968,BritJo00
Jon Kitna,QB,90,1997,2011,KitnJo00
Jonathan Quinn,QB,4,1998,2004,QuinJo00
Jordan Love,QB,30,2021,2024,LoveJo03
Jordan Palmer,QB,0,2008,2014,PalmJo20
Josh Allen,QB,112,2018,2024,AlleJo02
Josh Freeman,QB,40,2009,2015,FreeJo00
Josh Johnson,QB,8,2009,2024,JohnJo05
Josh McCown,QB,47,2002,2019,McCoJo01
Josh Rosen,QB,3,2018,2021,RoseJo01
Joshua Dobbs,QB,9,2018,2024,DobbJo00
June Jones,QB,3,1977,1981,JoneJu00
Justin Fields,QB,41,2021,2024,FielJu00
Justin Herbert,QB,70,2020,2024,HerbJu00
Karl Sweetan,QB,9,1966,1970,SweeKa00
Kay Stephenson,QB,2,1967,1968,StepKa00
Keith Molesworth,HB-QB,,1931,1937,MoleKe20
Keith Null,QB,1,2009,2009,NullKe00
Kellen Clemens,QB,10,2006,2017,ClemKe00
Kellen Mond,QB,0,2021,2021,MondKe00
Kellen Moore,QB,2,2015,2015,MoorKe02
Kelly Holcomb,QB,16,1997,2007,HolcKe00
Kelly Stouffer,QB,2,1988,1992,StouKe00
Ken Anderson,QB,160,1971,1986,AndeKe00
Ken Casanega,QB-DB-HB,,1946,1948,CasaKe20
Ken Dorsey,QB,2,2004,2008,DorsKe00
Ken Holley,QB,,1946,1946,HollKe20
Ken Karcher,QB,2,1987,1988,KarcKe00
Ken O'Brien,QB,87,1984,1993,OBriKe00
Ken Reese,HB-QB,,1947,1947,ReesKe20
Ken Stabler+,QB,118,1970,1984,StabKe00
Ken Stofer,QB-DB,,1946,1946,StofKe20
Kenny Pickett,QB,14,2022,2024,PickKe00
Kent Austin,QB,0,1986,1986,AustKe20
Kent Graham,QB,23,1992,2001,GrahKe00
Kent Nix,QB,11,1967,1972,NixxKe00
Kerry Collins,QB,112,1995,2011,CollKe00
Kerwin Bell,QB,0,1996,1996,BellKe00
Kevin Hogan,QB,2,2016,2021,HogaKe00
Kevin Ingram,QB,0,1987,1987,IngrKe20
Kevin Kolb,QB,13,2007,2012,KolbKe00
Kevin O'Connell,QB,0,2008,2008,OConKe00
Kevin Sweeney,QB,2,1987,1988,SweeKe00
Kevin Thompson,QB,0,2000,2000,ThomKe00
Kim Hammond,QB,0,1968,1969,HammKi00
Kim McQuilken,QB,4,1974,1979,McQuKi00
King Corcoran,QB,0,1968,1968,CorcKi00
King Hill,QB,24,1958,1969,HillKi00
Kirk Cousins,QB,126,2012,2024,CousKi00
Kliff Kingsbury,QB,0,2005,2005,KingKl00
Kordell Stewart,QB,69,1995,2005,StewKo00
Koy Detmer,QB,4,1998,2006,DetmKo00
Kurt Benkert,QB,0,2021,2021,BenkKu01
Kurt Kittner,QB,1,2003,2003,KittKu00
Kurt Warner+,QB,113,1998,2009,WarnKu00
Kyle Allen,QB,11,2018,2024,AlleKy00
Kyle Boller,QB,17,2003,2011,BollKy00
Kyle Lauletta,QB,0,2018,2018,LaulKy00
Kyle Mackey,QB,3,1987,1989,MackKy00
Kyle Orton,QB,44,2005,2014,OrtoKy00
Kyle Trask,QB,0,2022,2024,TrasKy00
Kyler Murray,QB,77,2019,2024,MurrKy00
Lamar Jackson,QB,114,2018,2024,JackLa00
Lamar McHan,QB,9,1954,1963,McHaLa00
Landry Jones,QB,4,2015,2017,JoneLa02
Larry Cipa,QB,1,1974,1975,CipaLa00
Larry Lawrence,QB,1,1974,1976,LawrLa00
Larry Miller,QB,0,1987,1987,MillLa20
Larry Rakestraw,QB,3,1966,1968,RakeLa00
Larry Weldon,QB,,1944,1945,WeldLa20
Lee Grosscup,QB,3,1960,1962,GrosLe00
Len Dawson+,QB,143,1957,1975,DawsLe00
Leo Hart,QB,0,1971,1972,HartLe00
Levi Brown,QB,0,2010,2010,BrowLe00
Logan Thomas,QB/TE,16,2014,2023,ThomLo00
Logan Woodside,QB,0,2020,2023,WoodLo00
Loren Snyder,QB,0,1987,1987,SnydLo20
Lou Barle,HB-QB,,1938,1939,BarlLo20
Lou Mahrt,QB,,1926,1927,MahrLo20
Luke Falk,QB,1,2019,2019,FalkLu00
Luke McCown,QB,8,2004,2015,McCoLu00
Lynn Dickey,QB,80,1971,1985,DickLy00
M.C. Reynolds,QB,1,1958,1962,ReynM.00
Mac Jones,QB,28,2021,2024,JoneMa05
Malik Cunningham,QB,0,2023,2023,CunnMa00
Malik Willis,QB,4,2022,2024,WillMa12
Manch Wheeler,QB,0,1962,1962,WheeMa00
Marc Bulger,QB,64,2002,2009,BulgMa00
Marc Wilson,QB,41,1980,1990,WilsMa00
Marcus Mariota,QB,63,2015,2024,MariMa01
Marcus Vick,WR-QB,0,2006,2006,VickMa20
Mark Brunell,QB,120,1994,2011,BrunMa00
Mark Hartsell,QB,0,2000,2000,HartMa20
Mark Herrmann,QB,12,1982,1992,HerrMa00
Mark Malone,QB-WR,30,1980,1989,MaloMa00
Mark Manges,QB,0,1978,1978,MangMa20
Mark Miller,QB,1,1978,1979,MillMa00
Mark Miller,QB,0,1987,1987,MillMa20
Mark Reed,QB,0,1983,1983,ReedMa20
Mark Rypien,QB,60,1988,2001,RypiMa00
Mark Sanchez,QB,35,2009,2018,SancMa00
Mark Stevens,QB,1,1987,1987,StevMa20
Mark Vlasic,QB,3,1987,1991,VlasMa00
Marques Tuiasosopo,QB,1,2001,2008,TuiaMa00
Marty Domres,QB,21,1969,1977,DomrMa00
Marty Horn,QB,0,1987,1987,HornMa20
Mason Rudolph,QB,10,2019,2024,RudoMa00
Matt Barkley,QB,5,2013,2023,BarkMa00
Matt Blundin,QB,0,1993,1997,BlunMa00
Matt Cassel,QB,51,2005,2018,CassMa00
Matt Cavanaugh,QB,16,1979,1991,CavaMa00
Matt Flynn,QB,8,2008,2014,FlynMa00
Matt Gutierrez,QB,0,2007,2009,GutiMa00
Matt Hasselbeck,QB,110,1999,2015,HassMa00
Matt Kofler,QB,4,1982,1985,KoflMa00
Matt Leinart,QB,12,2006,2012,LeinMa00
Matt Lytle,QB,0,2000,2001,LytlMa00
Matt Mauck,QB,1,2005,2005,MaucMa00
Matt McGloin,QB,4,2013,2016,McGlMa01
Matt Moore,QB,21,2007,2019,MoorMa01
Matt Robinson,QB,12,1977,1982,RobiMa01
Matt Ryan,QB,210,2008,2022,RyanMa00
Matt Schaub,QB,79,2004,2020,SchaMa00
Matt Simms,QB,1,2013,2014,SimmMa00
Matt Stevens,QB,1,1987,1987,StevMa21
Matthew Stafford,QB,180,2009,2024,StafMa00
Maury Duncan,QB,,1954,1955,DuncMa20
Max Choboian,QB,3,1966,1966,ChobMa00
Max Hall,QB,1,2010,2010,HallMa00
Menz Lindsey,BB-QB,,1921,1921,LindMe20
Michael Bishop,QB,0,2000,2000,BishMi00
Michael Penix,QB,2,2024,2024,PeniMi00
Michael Vick,QB,112,2001,2015,VickMi00
Mickey Kobrosky,QB,,1937,1937,KobrMi20
Mickey Slaughter,QB,8,1963,1966,SlauMi00
Mike Boryla,QB,8,1974,1978,BoryMi00
Mike Buck,QB,2,1991,1995,BuckMi00
Mike Busch,QB,1,1987,1987,BuscMi20
Mike Cherry,QB,0,1997,1998,CherMi00
Mike Elkins,QB,0,1989,1989,ElkiMi00
Mike Ernst,QB,0,1972,1973,ErnsMi00
Mike Glennon,QB,8,2013,2021,GlenMi00
Mike Hohensee,QB,2,1987,1987,HoheMi20
Mike Hold,QB,1,1987,1987,HoldMi20
Mike Kafka,QB,0,2011,2011,KafkMi00
Mike Kelley,QB,1,1987,1987,KellMi21
Mike Kerrigan,QB,0,1983,1984,KerrMi00
Mike Kirkland,QB,1,1978,1978,KirkMi00
Mike Koken,QB-HB,,1933,1933,KokeMi20
Mike Kruczek,QB,7,1976,1980,KrucMi00
Mike Livingston,QB,50,1968,1979,LiviMi00
Mike Loyd,QB,0,1980,1980,LoydMi00
Mike Machurek,QB,1,1984,1984,MachMi00
Mike McMahon,QB,6,2001,2005,McMaMi00
Mike Micka,FB-HB-QB,,1944,1948,MickMi20
Mike Moroski,QB,8,1979,1986,MoroMi00
Mike Norseth,QB,0,1988,1988,NorsMi20
Mike Nott,QB,0,1976,1976,NottMi00
Mike Pagel,QB,32,1982,1993,PageMi00
Mike Perrie,QB,,1939,1939,PerrMi20
Mike Phipps,QB,46,1970,1981,PhipMi00
Mike Quinn,QB,0,1997,1998,QuinMi00
Mike Rae,QB,9,1976,1979,RaexMi00
Mike Taliaferro,QB,13,1964,1972,TaliMi00
Mike Tomczak,QB,57,1985,1999,TomcMi00
Mike Wells,QB,0,1977,1977,WellMi21
Mike White,QB,5,2021,2024,WhitMi01
Milt Plum,QB,59,1957,1969,PlumMi00
Milt Smith,DB-QB,,1945,1945,SmitMi24
Mitchell Trubisky,QB,43,2017,2024,TrubMi00
Monte McGuire,QB,0,1987,1987,McGuMo20
Moses Moreno,QB,1,1998,2000,MoreMo00
Murray Evans,BB-QB,,1942,1943,EvanMu20
Nate Sudfeld,QB,1,2017,2022,SudfNa00
Nathan Peterman,QB,3,2017,2023,PeteNa00
Neal Jeffrey,QB,0,1976,1976,JeffNe00
Neil Graff,QB,1,1974,1977,GrafNe00
Neil Lomax,QB,82,1981,1988,LomaNe00
Neil O'Donnell,QB,73,1991,2003,ODonNe00
Nick Foles,QB,37,2012,2022,FoleNi00
Nick Mullens,QB,17,2018,2024,MullNi00
Nick Papac,QB,1,1961,1961,PapaNi00
Nick Sacrinty,QB,,1947,1947,SacrNi20
Nick Scollard,E-QB,,1946,1949,ScolNi20
Nick Sebek,QB,,1950,1950,SebeNi20
Norm Cox,QB-TB,,1946,1947,CoxxNo20
Norm Snead,QB,114,1961,1976,SneaNo00
Norm Van Brocklin+,QB,17,1949,1960,VanBNo00
Norris Weese,QB-P,10,1976,1979,WeesNo00
Ogden Compton,QB,,1955,1955,CompOg20
Oliver Luck,QB,6,1983,1986,LuckOl00
Otto Graham+,QB-DB,,1946,1955,GrahOt00
P.J. Walker,QB,6,2020,2023,WalkPh00
Pard Pearce,QB-BB,,1920,1925,PearPa20
Parnell Dickinson,QB,1,1976,1976,DickPa00
Pat Barnes,QB,0,1999,1999,BarnPa20
Pat Brady,QB-K,,1952,1954,BradPa21
Pat Haden,QB,36,1976,1981,HadePa00
Pat Ryan,QB,14,1978,1991,RyanPa00
Pat Sullivan,QB,3,1972,1975,SullPa00
Patrick Mahomes,QB,123,2017,2024,MahoPa00
Patrick Ramsey,QB,15,2002,2008,RamsPa00
Paul Christman,QB,,1945,1950,ChriPa20
Paul Collins,QB,,1945,1945,CollPa22
Paul Governali,QB-TB,,1946,1948,GovePa20
Paul Held,QB,,1954,1955,HeldPa20
Paul Hornung+,HB-FB-QB,49,1957,1966,HornPa00
Paul Justin,QB,8,1995,1999,JustPa00
Paul Larson,QB,0,1957,1960,LarsPa00
Paul McDonald,QB,16,1980,1986,McDoPa00
Paul Rickards,QB,,1948,1948,RickPa20
Paxton Lynch,QB,2,2016,2017,LyncPa00
Perry Klein,QB,0,1994,1994,KleiPe20
Perry Moss,QB,,1948,1948,MossPe20
Pete Beathard,QB,31,1964,1973,BeatPe00
Pete Gonzalez,QB,0,1999,1999,GonzPe00
Pete Lauer,FB-QB,,1922,1922,LauePe20
Pete Liske,QB,19,1964,1972,LiskPe00
Pete Mikolajewski,QB,0,1969,1969,MikoPe20
Peter Tom Willis,QB,4,1990,1993,WillPe00
Peyton Manning+,QB,271,1998,2015,MannPe00
Phil Simms,QB,118,1979,1993,SimmPh00
Philip Rivers,QB,218,2004,2020,RivePh00
Porter Lainhart,QB,,1933,1933,LainPo20
Quincy Carter,QB,17,2001,2004,CartQu00
Quinn Gray,QB,6,2005,2008,GrayQu00
Rabbit Keen,QB,,1937,1938,KeenRa20
Ralph Guglielmi,QB,13,1955,1963,GuglRa00
Ralph Marston,QB,,1929,1929,MarsRa21
Randall Cunningham,QB,137,1985,2001,CunnRa00
Randy Dean,QB,2,1977,1979,DeanRa00
Randy Duncan,QB,2,1961,1961,DuncRa00
Randy Fasani,QB,1,2002,2002,FasaRa00
Randy Hedberg,QB,1,1977,1977,HedbRa00
Randy Johnson,QB,28,1966,1976,JohnRa00
Randy Wright,QB,15,1984,1988,WrigRa00
Ray Brown,DB-QB,2,1958,1960,BrowRa21
Ray Lucas,QB,12,1996,2002,LucaRa00
Ray Mallouf,QB-TB,,1941,1949,MallRa20
Ray Nagel,QB,,1953,1953,NageRa20
Reggie Collier,QB,1,1986,1987,CollRe20
Reggie McNeal,QB,0,2006,2006,McNeRe00
Reino Nori,QB,,1937,1938,NoriRe20
Rex Grossman,QB,25,2003,2011,GrosRe00
Rich Campbell,QB,2,1981,1984,CampRi00
Rich Gannon,QB,118,1987,2004,GannRi00
Richard Badar,QB,0,1967,1967,BadaRi20
Richard Bartel,QB,0,2010,2011,BartRi00
Richard Todd,QB,71,1976,1985,ToddRi00
Richie Lucas,QB-DB-HB,4,1960,1961,LucaRi00
Rick Arrington,QB,4,1970,1972,ArriRi00
Rick McIvor,QB,0,1984,1985,McIvRi20
Rick Mirer,QB,36,1993,2003,MireRi00
Rick Neuheisel,QB,1,1987,1987,NeuhRi20
Rick Norton,QB,6,1966,1970,NortRi00
Rick Strom,QB,1,1989,1991,StroRi00
Rick Trocano,QB-DB,0,1981,1982,TrocRi20
Ricky Turner,QB,1,1988,1988,TurnRi21
Rob Hertel,QB,0,1978,1978,HertRo20
Rob Johnson,QB,23,1995,2003,JohnRo00
Robert Griffin III,QB,38,2012,2020,GrifRo01
Rodney Peete,QB,56,1989,2004,PeetRo00
Roger Grove,BB-HB-QB,,1931,1935,GrovRo20
Roger Staubach+,QB,127,1969,1979,StauRo00
Rohan Davey,QB,0,2002,2004,DaveRo01
Roman Gabriel,QB,130,1962,1977,GabrRo00
Ron Jaworski,QB,107,1974,1989,JawoRo00
Ron Meyer,QB,0,1966,1966,MeyeRo00
Ron Miller,QB,1,1962,1962,MillRo01
Ron Smith,QB,5,1965,1966,SmitRo03
Ron Vander Kelen,QB,6,1963,1967,VandRo00
Ronnie Knox,QB,,1957,1957,KnoxRo20
Ronnie Lee South,QB-P,0,1968,1968,SoutRo00
Roy Zimmerman,QB-WB-K,,1940,1948,ZimmRo20
Rudy Bukich,QB,32,1953,1968,BukiRu00
Rudy Carpenter,QB,0,2011,2011,CarpRu00
Russ Cotton,QB,,1942,1942,CottRu20
Russell Wilson,QB,188,2012,2024,WilsRu00
Rusty Hilger,QB,5,1985,1991,HilgRu00
Rusty Lisch,QB,2,1980,1984,LiscRu00
Rusty Smith,QB,1,2010,2012,SmitRu01
Ryan Finley,QB,2,2019,2020,FinlRy00
Ryan Fitzpatrick,QB,101,2005,2021,FitzRy00
Ryan Griffin,QB,0,2019,2019,GrifRy01
Ryan Leaf,QB,1,1998,2001,LeafRy00
Ryan Lindley,QB,-4,2012,2015,LindRy00
Ryan Mallett,QB,4,2012,2017,MallRy00
Ryan Nassib,QB,0,2014,2015,NassRy00
Ryan Tannehill,QB,114,2012,2023,TannRy00
Sage Rosenfels,QB,14,2002,2010,RoseSa00
Sam Adkins,QB,2,1977,1981,AdkiSa00
Sam Bradford,QB,49,2010,2018,BradSa00
Sam Darnold,QB,42,2018,2024,DarnSa00
Sam Ehlinger,QB,2,2021,2023,EhliSa00
Sam Etcheverry,QB,8,1961,1962,EtchSa00
Sam Howell,QB,12,2022,2024,HoweSa00
Sam Vacanti,QB,,1947,1949,VacaSa20
Sam Wyche,QB,10,1968,1976,WychSa00
Sammy Baugh+,QB-TB,,1937,1952,BaugSa00
Sammy Garza,QB,1,1987,1987,GarzSa20
Sandy Osiecki,QB,0,1984,1984,OsieSa20
Scott Brunner,QB,17,1980,1985,BrunSc00
Scott Bull,QB,5,1976,1978,BullSc00
Scott Campbell,QB,8,1984,1990,CampSc00
Scott Covington,QB,0,1999,2002,CoviSc00
Scott Gudmundson,QB,,1944,1945,GudmSc20
Scott Hunter,QB,22,1971,1979,HuntSc00
Scott Milanovich,QB,0,1996,1996,MilaSc00
Scott Mitchell,QB,53,1991,2001,MitcSc00
Scott Secules,QB,5,1989,1993,SecuSc00
Scott Stankavage,QB,0,1984,1987,StanSc00
Scott Tinsley,QB,2,1987,1987,TinsSc20
Scott Tolzien,QB,3,2013,2017,TolzSc00
Scott Woolf,QB,0,1987,1987,WoolSc20
Scott Zolak,QB,4,1992,1999,ZolaSc00
Scotty Glacken,QB,0,1966,1967,GlacSc00
Sean Clifford,QB,0,2023,2023,ClifSe00
Sean Mannion,QB,2,2015,2021,MannSe00
Sean Payton,QB,0,1987,1987,PaytSe20
Sean Renfree,QB,0,2015,2015,RenfSe00
Sean Salisbury,QB,11,1987,1996,SaliSe00
Seneca Wallace,QB,16,2005,2013,WallSe00
Shane Matthews,QB,8,1996,2004,MattSh00
Shaun Hill,QB,24,2005,2016,HillSh00
Shaun King,QB,19,1999,2004,KingSh00
Shawn Halloran,QB,1,1987,1987,HallSh20
Shawn Moore,QB,1,1992,1992,MoorSh00
Shorty Elness,HB-QB,,1929,1929,ElneSh20
Sid Luckman+,QB-HB-DB,,1939,1950,LuckSi00
Skylar Thompson,QB,3,2022,2024,ThomSk00
Solly Sherman,QB,,1939,1940,SherSo20
Sonny Gibbs,QB,0,1964,1964,GibbSo00
Sonny Jurgensen+,QB,136,1957,1974,JurgSo00
Sonny Winters,BB-QB,,1923,1924,WintSo20
Spencer Rattler,QB,2,2024,2024,RattSp00
Spergon Wynn,QB,2,2000,2001,WynnSp00
Stan Gelbaugh,QB,2,1989,1996,GelbSt00
Stan Heath,QB,,1949,1949,HeatSt20
Stan Humphries,QB,56,1989,1997,HumpSt00
Stephen McGee,QB,2,2010,2011,McGeSt00
Steve Bartkowski,QB,84,1975,1986,BartSt00
Steve Beuerlein,QB,85,1988,2003,BeueSt00
Steve Bono,QB,36,1985,1999,BonoSt00
Steve Bradley,QB,0,1987,1987,BradSt20
Steve DeBerg,QB,109,1978,1998,DebeSt00
Steve Dils,QB,17,1979,1988,DilsSt00
Steve Fuller,QB,31,1979,1986,FullSt00
Steve Grogan,QB,117,1975,1990,GrogSt00
Steve Joachim,QB,0,1976,1976,JoacSt20
Steve Matthews,QB,1,1997,1998,MattSt00
Steve McNair,QB,125,1995,2007,McNaSt00
Steve Myer,QB,4,1977,1979,MyerSt00
Steve Nemeth,QB-HB,,1945,1947,NemeSt20
Steve Pelluer,QB,25,1984,1990,PellSt00
Steve Pisarkiewicz,QB,2,1978,1980,PisaSt00
Steve Ramsey,QB,25,1970,1976,RamsSt00
Steve Romanik,QB,,1950,1954,RomaSt00
Steve Sloan,QB,0,1966,1967,SloaSt00
Steve Spurrier,QB-P,29,1967,1976,SpurSt00
Steve Stenstrom,QB,6,1996,1999,StenSt00
Steve Tensi,QB,21,1965,1970,TensSt00
Steve Walsh,QB,22,1989,1999,WalsSt00
Steve Young+,QB,168,1985,1999,YounSt00
Stoney Case,QB,4,1995,2000,CaseSt00
T.J. Rubley,QB,5,1993,1995,RublTJ00
T.J. Yates,QB,6,2011,2017,YateT.00
Tanner McKee,QB,1,2024,2024,McKeTa01
Tarvaris Jackson,QB,24,2006,2015,JackTa00
Taylor Heinicke,QB,21,2017,2024,HeinTa00
Taysom Hill,QB,31,2017,2024,HillTa00
Ted Marchibroda,QB,,1953,1957,MarcTe20
Ted Wright,HB-QB,,1934,1935,WrigTe20
Teddy Bridgewater,QB,53,2014,2024,BridTe00
Tee Martin,QB,0,2001,2003,MartTe00
Terrelle Pryor,QB,17,2011,2018,PryoTe00
Terry Baker,QB,6,1963,1965,BakeTe00
Terry Bradshaw+,QB,140,1970,1983,BradTe00
Terry Hanratty,QB,8,1969,1976,HanrTe00
Terry Luck,QB,1,1977,1977,LuckTe00
Terry Nofsinger,QB,1,1961,1967,NofsTe00
Terry Nugent,QB,0,1987,1987,NugeTe20
Thaddeus Lewis,QB,3,2012,2013,LewiTh01
Tim Boyle,QB,4,2019,2024,BoylTi00
Tim Couch,QB,33,1999,2003,CoucTi00
Tim Hasselbeck,QB,1,2002,2007,HassTi00
Tim Rattay,QB,13,2000,2007,RattTi00
Tim Riordan,QB,0,1987,1987,RiorTi20
Tim Tebow,QB,12,2010,2012,TeboTi00
Tim Van Galder,QB,2,1972,1972,VanGTi00
Timm Rosenbach,QB,13,1989,1992,RoseTi00
Tobin Rote,QB,16,1950,1966,RoteTo00
Todd Blackledge,QB,13,1983,1989,BlacTo00
Todd Bouman,QB,6,2001,2010,BoumTo00
Todd Collins,QB,11,1995,2010,CollTo00
Todd Hons,QB,2,1987,1987,HonsTo20
Todd Husak,QB,0,2000,2000,HusaTo20
Todd Marinovich,QB,3,1991,1992,MariTo00
Todd Philcox,QB,3,1990,1997,PhilTo00
Todd Whitten,QB,0,1987,1987,WhitTo20
Tom Brady,QB,326,2000,2022,BradTo00
Tom Brandstater,QB,0,2011,2011,BranTo00
Tom Clements,QB,0,1980,1980,ClemTo20
Tom Dimitroff,QB,0,1960,1960,DimiTo00
Tom Dublinski,QB,0,1952,1960,DublTo00
Tom Duniven,QB,0,1977,1977,DuniTo20
Tom Farris,QB,,1946,1948,FarrTo20
Tom Flick,QB,1,1981,1986,FlicTo00
Tom Flores+,QB,44,1960,1969,FlorTo00
Tom Greene,QB-P,2,1960,1961,GreeTo20
Tom Hodson,QB,4,1990,1995,HodsTo00
Tom Kennedy,QB,3,1966,1966,KennTo00
Tom Landry+,DB-HB-QB,,1949,1955,LandTo00
Tom Matte,RB-QB,81,1961,1972,MattTo00
Tom Myers,QB,0,1965,1966,MyerTo00
Tom O'Malley,QB,,1950,1950,OMalTo20
Tom Owen,QB,9,1974,1981,OwenTo00
Tom Ramsey,QB,5,1986,1989,RamsTo00
Tom Savage,QB,3,2014,2017,SavaTo00
Tom Sherman,QB,1,1968,1969,SherTo00
Tom Tupa,QB-P,38,1988,2004,TupaTo20
Tom Yewcic,QB-P-HB,12,1961,1966,YewcTo00
Tommy Boutwell,WR-QB,0,1969,1969,BoutTo00
Tommy DeVito,QB,5,2023,2024,DeViTo00
Tommy Kramer,QB,84,1977,1990,KramTo00
Tommy Maddox,QB,25,1992,2005,MaddTo00
Tommy Mont,QB-HB,,1947,1949,MontTo20
Tommy O'Connell,QB,3,1953,1961,OConTo00
Tommy Stevens,QB,0,2020,2020,StevTo01
Tommy Thompson,QB,,1940,1950,ThomTo21
Tommy Wade,QB,1,1964,1965,WadeTo00
Tony Adams,QB,10,1975,1987,AdamTo00
Tony Banks,QB,49,1996,2005,BankTo00
Tony Dungy+,DB-QB,10,1977,1979,DungTo20
Tony Eason,QB,39,1983,1990,EasoTo00
Tony Graziani,QB,3,1997,1999,GrazTo00
Tony Pike,QB,0,2010,2010,PikeTo00
Tony Robinson,QB,1,1987,1987,RobiTo20
Tony Romo,QB,115,2004,2016,RomoTo00
Tony Sacca,QB,0,1992,1992,SaccTo00
Tory Woodbury,QB,0,2001,2002,WoodTo02
Trace McSorley,QB,1,2019,2022,McSoTr00
Travis Brown,QB,1,2000,2003,BrowTr01
Travis Tidwell,QB,,1950,1951,TidwTr20
Trent Dilfer,QB,60,1994,2007,DilfTr00
Trent Edwards,QB,17,2007,2012,EdwaTr01
Trent Green,QB,110,1997,2008,GreeTr00
Trevone Boykin,QB,0,2016,2016,BoykTr00
Trevor Lawrence,QB,41,2021,2024,LawrTr00
Trevor Siemian,QB,16,2015,2023,SiemTr00
Trey Lance,QB,5,2021,2024,LancTr00
Troy Aikman+,QB,120,1989,2000,AikmTr00
Troy Smith,QB,6,2007,2010,SmitTr02
Troy Taylor,QB,0,1990,1991,TaylTr00
Tua Tagovailoa,QB,49,2020,2024,TagoTu00
Tuffy Leemans+,FB-TB-DB-QB,,1936,1943,LeemTu20
Turk Schonert,QB,13,1981,1989,SchoTu00
Ty Detmer,QB,16,1993,2003,DetmTy00
Tyler Bray,QB,0,2017,2020,BrayTy00
Tyler Huntley,QB,9,2020,2024,HuntTy01
Tyler Palko,QB,2,2010,2011,PalkTy00
Tyler Thigpen,QB,10,2007,2012,ThigTy00
Tyrod Taylor,QB,53,2011,2024,TaylTy00
Tyson Bagent,QB,3,2023,2024,BageTy00
Val Keckin,QB,0,1962,1962,KeckVa00
Vern Huffman,BB-TB-HB-QB,,1937,1938,HuffVe20
Vic Eaton,QB-DB,,1955,1955,EatoVi20
Vince Evans,QB,34,1977,1995,EvanVi00
Vince Ferragamo,QB,35,1977,1986,FerrVi00
Vince Oliver,QB,,1945,1945,OlivVi20
Vince Young,QB,36,2006,2011,YounVi00
Vinny Testaverde,QB,141,1987,2007,TestVi00
Virgil Carter,QB,28,1968,1976,CartVi00
Wade Wilson,QB,58,1981,1998,WilsWa00
Wally Richardson,QB,0,1998,1998,RichWa00
Walt Rankin,QB-FB,,1941,1947,RankWa20
Walter Briggs,QB,0,1987,1987,BrigWa20
Warren Moon+,QB,163,1984,2000,MoonWa00
Warren Rabb,QB,6,1960,1962,RabbWa00
Wayne Clark,QB,2,1970,1975,ClarWa00
Wayne Gift,QB,,1937,1937,GiftWa20
Will Cureton,QB,0,1975,1975,CureWi00
Will Furrer,QB,1,1992,1995,FurrWi00
Will Grier,QB,1,2019,2019,GrieWi00
Will Levis,QB,11,2023,2024,LeviWi00
Willie Gillus,QB,0,1987,1987,GillWi21
Willie Thrower,QB,,1953,1953,ThroWi20
Willie Totten,QB,0,1987,1987,TottWi20
Y.A. Tittle+,QB,47,1948,1964,TittY.00
Young Bussey,QB,,1941,1941,BussYo20
Zach Mettenberger,QB,1,2014,2015,MettZa00
Zach Wilson,QB,14,2021,2023,WilsZa00
Zeke Bratkowski,QB,22,1954,1971,BratZe00
"Zeke Bratkowski,QB,22,1954,1971,BratZe00",,,,,
